{"cameraMode":{"drawMode":0,"name":"Shaded","section":"Shading Mode"},"sceneLighting":true,"audioPlay":false,"sceneViewState":{"m_AlwaysRefresh":false,"showFog":true,"showSkybox":true,"showFlares":true,"showImageEffects":true,"showParticleSystems":true,"showVisualEffectGraphs":true,"m_FxEnabled":true},"in2DMode":false,"pivot":{"x":-26.459455490112306,"y":15.508910179138184,"z":57.973785400390628},"rotation":{"x":-0.05482792481780052,"y":0.04763595387339592,"z":-0.002603373723104596,"w":-0.997478723526001},"size":37.327720642089847,"orthographic":false}