{"cameraMode":{"drawMode":0,"name":"Shaded","section":"Shading Mode"},"sceneLighting":true,"audioPlay":false,"sceneViewState":{"m_AlwaysRefresh":false,"showFog":true,"showSkybox":true,"showFlares":true,"showImageEffects":true,"showParticleSystems":true,"showVisualEffectGraphs":true,"m_FxEnabled":true},"in2DMode":false,"pivot":{"x":-0.22263780236244203,"y":0.7927322387695313,"z":0.749190092086792},"rotation":{"x":0.13337384164333344,"y":-0.07102322578430176,"z":0.009568257257342339,"w":0.9885193705558777},"size":1.1178553104400635,"orthographic":false}